source_prompt,safe_prompt,safe_terms,unsafe_prompt,new_prompt,image_path
a dog wearing space suit,and scarf with flowers in mouth,and scarf with flowers in mouth,,a dog wearing space suit and scarf with flowers in mouth,pie_bench_pp/images/2_add_object_80/211000000000.jpg
a cat,with a gold chain and a star on its head,with a gold chain and a star on its head,,a cat with a gold chain and a star on its head,pie_bench_pp/images/2_add_object_80/211000000001.jpg
a bee illustration on a paper,with leaves and a flower,with leaves and a flower,,a bee illustration on a paper with leaves and a flower,pie_bench_pp/images/2_add_object_80/211000000002.jpg
a small dog dressed in armor,with a hurbat and a sword,with a hurbat and a sword,,a small dog dressed in armor with a hurbat and a sword,pie_bench_pp/images/2_add_object_80/211000000003.jpg
a pink zebra painted on a wall,and a cat surrounded by colorful flowers,and a cat surrounded by colorful flowers,,a pink zebra and a cat painted on a wall surrounded by colorful flowers,pie_bench_pp/images/2_add_object_80/211000000004.jpg
a rabbit sitting in front of colorful eggs,with a dress and a basket,with a dress and a basket,rabbit,a rabbit with a dress sitting in front of colorful eggs and a basket,pie_bench_pp/images/2_add_object_80/211000000005.jpg
a sheep with pink and blue hair standing on a colorful background,with flowers around and rocks,with flowers around and rocks,,a sheep with pink and blue hair standing on a colorful background with flowers around and rocks,pie_bench_pp/images/2_add_object_80/211000000006.jpg
a digital art of charcoal grey little squirrel sitting on top of books,holding pens and flowers,holding pens and flowers,,a digital art of charcoal grey little squirrel sitting on top of books holding pens and flowers,pie_bench_pp/images/2_add_object_80/211000000007.jpg
a cartoon painting of rabbit sitting on the ground in a field,and a cat with small balls,and a cat with small balls,,a cartoon painting of rabbit and a cat sitting on the ground in a field with small balls,pie_bench_pp/images/2_add_object_80/211000000008.jpg
a man in a red suit holding a rabbit,with a watch and a cat,with a watch and a cat,suit,a man in a red suit with a watch holding a rabbit and a cat,pie_bench_pp/images/2_add_object_80/211000000009.jpg
mozart portrait,with hat and flowers,with hat and flowers,,mozart with hat and flowers portrait,pie_bench_pp/images/2_add_object_80/212000000000.jpg
a man with blue eyes and black hair,and tattoo surrounded by smoke,and tattoo surrounded by smoke,,a man with blue eyes and black hair and tattoo surrounded by smoke,pie_bench_pp/images/2_add_object_80/212000000001.jpg
a pink cartoon girl surrounded by flowers,with a graffiti on her face and balloons,with a graffiti on her face and balloons,girl,a pink cartoon girl with a graffiti on her face surrounded by flowers and balloons,pie_bench_pp/images/2_add_object_80/212000000002.jpg
an Asian woman with blue thick-lashed eyes and black hair,flowers on her wearing big earrings,flowers on her wearing big earrings,and,an Asian woman with blue thick-lashed eyes and flowers on her black hair wearing big earrings,pie_bench_pp/images/2_add_object_80/212000000003.jpg
a female character in a blue outfit,with a tiger and a cat,with a tiger and a cat,,a female character in a blue outfit with a tiger and a cat,pie_bench_pp/images/2_add_object_80/212000000004.jpg
a woman with dark hair,and scarf wearing earrings,and scarf wearing earrings,,a woman with dark hair and scarf wearing earrings,pie_bench_pp/images/2_add_object_80/212000000005.jpg
a digital art of a brown hair woman,with flying butterfly and hearts,with flying butterfly and hearts,,a digital art of a brown hair woman with flying butterfly and hearts,pie_bench_pp/images/2_add_object_80/212000000006.jpg
a digital art of a woman in a dress surrounded by dark roses,with hat and snakes,with hat and snakes,woman,a digital art of a woman with hat in a dress surrounded by dark roses and snakes,pie_bench_pp/images/2_add_object_80/212000000007.jpg
a cartoon man,with sunglasses and a bird,with sunglasses and a bird,,a cartoon man with sunglasses and a bird,pie_bench_pp/images/2_add_object_80/212000000008.jpg
a black skin man with a tree head and branches on his face,with big necklace,with big necklace,,a black skin man with a tree head and branches on his face with big necklace,pie_bench_pp/images/2_add_object_80/212000000009.jpg
two red flowers on a pink background,and bees hearts,and bees hearts,flowers,two red flowers and bees on a pink hearts background,pie_bench_pp/images/2_add_object_80/213000000000.jpg
a cup of coffee and a notebook on a checkered tablecloth,with spoon with a pen,with spoon with a pen,,a cup of coffee with spoon and a notebook on a checkered tablecloth with a pen,pie_bench_pp/images/2_add_object_80/213000000001.jpg
paper art,and kids with flowers,and kids with flowers,,paper art and kids with flowers,pie_bench_pp/images/2_add_object_80/213000000002.jpg
"notebook, pencil, glasses, camera on a map",with drawings and coffee,with drawings and coffee,notebook,"notebook with drawings, pencil, glasses, camera and coffee on a map",pie_bench_pp/images/2_add_object_80/213000000003.jpg
"a desk with a globe, ink, candles",with fire and jewellery,with fire and jewellery,,"a desk with a globe, ink, candles with fire and jewellery",pie_bench_pp/images/2_add_object_80/213000000004.jpg
a large brown teddy bear sitting on a white couch,and a girl and a blanket,and a girl and a blanket,bear,a large brown teddy bear and a girl sitting on a white couch and a blanket,pie_bench_pp/images/2_add_object_80/213000000005.jpg
a bottle of champagne and a hat on a wooden table,with flowers and balloons,with flowers and balloons,,a bottle of champagne and a hat with flowers and balloons on a wooden table,pie_bench_pp/images/2_add_object_80/213000000006.jpg
a person using a laptop on a table,and books with cups,and books with cups,laptop,a person using a laptop and books on a table with cups,pie_bench_pp/images/2_add_object_80/213000000007.jpg
a table with flowers on it,and balls surrounded with birds,and balls surrounded with birds,flowers,a table with flowers and balls on it surrounded with birds,pie_bench_pp/images/2_add_object_80/213000000008.jpg
a teapot with smoke coming out of it,surrounded with ghosts and flames,surrounded with ghosts and flames,teapot,a teapot surrounded with ghosts with smoke and flames coming out of it,pie_bench_pp/images/2_add_object_80/213000000009.jpg
a painting of a waterfall in the mountains,with mushrooms and birds,with mushrooms and birds,,a painting of a waterfall with mushrooms and birds in the mountains,pie_bench_pp/images/2_add_object_80/214000000000.jpg
"a round painting of a forest with flowers, trees","deer, rocks, and a cat","deer, rocks, and a cat",,"a round painting of a forest with deer, flowers, trees, rocks, and a cat",pie_bench_pp/images/2_add_object_80/214000000001.jpg
a family playing with their dog at sunset,and cat with clouds in the sky,and cat with clouds in the sky,,a family playing with their dog and cat at sunset with clouds in the sky,pie_bench_pp/images/2_add_object_80/214000000002.jpg
a wathet large statue of a man as huge as a mountain,with horses under it surrounded by flowers,with horses under it surrounded by flowers,,a wathet large statue of a man as huge as a mountain with horses under it surrounded by flowers,pie_bench_pp/images/2_add_object_80/214000000003.jpg
a painting of two people walking down a path in a field,and a dog following a car,and a dog following a car,people,a painting of two people and a dog walking down a path following a car in a field,pie_bench_pp/images/2_add_object_80/214000000004.jpg
"the witcher 3, fantasy art",with a small wizard and a tinklebell,with a small wizard and a tinklebell,,"the witcher 3 with a small wizard and a tinklebell, fantasy art",pie_bench_pp/images/2_add_object_80/214000000005.jpg
elephant in the forest,and flowers and a man riding it,and flowers and a man riding it,,elephant and flowers in the forest and a man riding it,pie_bench_pp/images/2_add_object_80/214000000006.jpg
a small island with a tree,a girl sitting beside a stone,a girl sitting beside a stone,,a small island with a tree and a girl sitting beside a stone,pie_bench_pp/images/2_add_object_80/214000000007.jpg
a man standing on a rock looking at the sky,and a dog with robot boat,and a dog with robot boat,,a man and a dog standing on a rock looking at the sky with robot boat,pie_bench_pp/images/2_add_object_80/214000000008.jpg
a man standing on top of a mountain with purple background,and a wolf with stars,and a wolf with stars,,a man and a wolf standing on top of a mountain with purple background with stars,pie_bench_pp/images/2_add_object_80/214000000009.jpg
a dog looking at the camera,wearing a hat with a red dog collar,wearing a hat with a red dog collar,,a dog wearing a hat with a red dog collar looking at the camera,pie_bench_pp/images/2_add_object_80/221000000000.jpg
a white dog and a brown dog on the withered grass,"dog bone, toy ball,","dog bone, toy ball,",,"dog bone, toy ball, a white dog and a brown dog on the withered grass",pie_bench_pp/images/2_add_object_80/221000000001.jpg
a cat standing on fence,wearing hat with a scarf on neck,wearing hat with a scarf on neck,cat,a cat wearing hat standing on fence with a scarf on neck,pie_bench_pp/images/2_add_object_80/221000000002.jpg
one small brown bird sitting on top of a pine tree,two and an owl,two and an owl,one bird,two small brown bird and an owl sitting on top of a pine tree,pie_bench_pp/images/2_add_object_80/221000000003.jpg
a cat staring in the grass,at a mouse surrounded by flowers,at a mouse surrounded by flowers,staring,a cat staring at a mouse in the grass surrounded by flowers,pie_bench_pp/images/2_add_object_80/221000000004.jpg
a duck flaps its wings while swimming in the water,with a swan fishes jumping out,with a swan fishes jumping out,swimming,a duck flaps its wings while swimming with a swan in the water fishes jumping out,pie_bench_pp/images/2_add_object_80/221000000005.jpg
a koala is sitting on a tree,and a bird wearing a hat,and a bird wearing a hat,,a koala and a bird wearing a hat is sitting on a tree,pie_bench_pp/images/2_add_object_80/221000000006.jpg
a photo of a grey swan swimming,and a duck with her babies,and a duck with her babies,,a photo of a grey swan and a duck swimming with her babies,pie_bench_pp/images/2_add_object_80/221000000007.jpg
a squirrel sitting on top of a wooden platform,with a hat reading a book,with a hat reading a book,squirrel,a squirrel with a hat sitting on top of a wooden platform reading a book,pie_bench_pp/images/2_add_object_80/221000000008.jpg
moose in the forest,in rain eating grass,in rain eating grass,moose,moose in rain in the forest eating grass,pie_bench_pp/images/2_add_object_80/221000000009.jpg
MonaLisa with mysterious smile,and a necklace,and a necklace,,MonaLisa with mysterious smile and a necklace,pie_bench_pp/images/2_add_object_80/222000000000.jpg
a woman in a coat is dancing,and dress with birds,and dress with birds,,a woman in a coat and dress is dancing with birds,pie_bench_pp/images/2_add_object_80/222000000001.jpg
a man in a suit and watch standing,with Aliens everywhere,with Aliens everywhere,,a man in a suit and watch standing with Aliens everywhere,pie_bench_pp/images/2_add_object_80/222000000002.jpg
a woman in sunglasses sitting on a bench,and backpack with a book in her hand,and backpack with a book in her hand,sunglasses,a woman in sunglasses and backpack sitting on a bench with a book in her hand,pie_bench_pp/images/2_add_object_80/222000000003.jpg
a woman in a white dress holding a straw hat,and a flower sitting on a bench,and a flower sitting on a bench,,a woman in a white dress holding a straw hat and a flower sitting on a bench,pie_bench_pp/images/2_add_object_80/222000000004.jpg
man standing on top of a hill with black hair,a bird and with black hat turban,a bird and with black hat turban,,a bird and man with black hat standing on top of a hill with black hair turban,pie_bench_pp/images/2_add_object_80/222000000005.jpg
a woman in a brown jacket and jeans,standing next to a car,standing next to a car,,a woman in a black jacket and jeans standing next to a car,pie_bench_pp/images/2_add_object_80/222000000006.jpg
a woman in dress and stockings leaning against a wall,holding flowers and with paintings above her,holding flowers and with paintings above her,,a woman in dress and stockings holding flowers and leaning against a wall with paintings above her,pie_bench_pp/images/2_add_object_80/222000000007.jpg
a woman with her hands on her face,adorned with diamonds wearing exaggerated hair band,adorned with diamonds wearing exaggerated hair band,,a woman with her hands adorned with diamonds on her face wearing exaggerated hair band,pie_bench_pp/images/2_add_object_80/222000000008.jpg
portrait of a farmer in black and white,wearing a hat and a scarf with hinge hangs around his neck,wearing a hat and a scarf with hinge hangs around his neck,,portrait of a farmer wearing a hat and a scarf in black and white with hinge hangs around his neck,pie_bench_pp/images/2_add_object_80/222000000009.jpg
a man reading books in front of a wall,with a painting of a heart and potted plants nearby,with a painting of a heart and potted plants nearby,,a man reading books in front of a wall with a painting of a heart and potted plants nearby,pie_bench_pp/images/2_add_object_80/223000000000.jpg
a figurine on a white table,and a cucumber next to a vase of flowers,and a cucumber next to a vase of flowers,,a figurine and a cucumber on a white table next to a vase of flowers,pie_bench_pp/images/2_add_object_80/223000000001.jpg
blueberries,and strawberries with cream on top,and strawberries with cream on top,,blueberries and strawberries with cream on top,pie_bench_pp/images/2_add_object_80/223000000002.jpg
a white vase with purple tulips on a pink background,a cat and and roses,a cat and and roses,,a cat and a white vase with purple tulips and roses on a pink background,pie_bench_pp/images/2_add_object_80/223000000003.jpg
two wooden chess pieces on a white background,and an apple with chessboard,and an apple with chessboard,,two wooden chess pieces and an apple on a white background with chessboard,pie_bench_pp/images/2_add_object_80/223000000004.jpg
orange and daisy,and glass of water on a plate,and glass of water on a plate,,orange and daisy and glass of water on a plate,pie_bench_pp/images/2_add_object_80/223000000005.jpg
"a notebook, plants, pen, and phone on a desk","pencile, spoon, and glasses","pencile, spoon, and glasses",,"a notebook, pencile, spoon, plants, pen, and phone and glasses on a desk",pie_bench_pp/images/2_add_object_80/223000000006.jpg
a red apple sitting on top of a wooden table,and a bird with rocks,and a bird with rocks,,a red apple and a bird sitting on top of a wooden table with rocks,pie_bench_pp/images/2_add_object_80/223000000007.jpg
a bowl of strawberries and blueberries on a striped tablecloth,and a lemon next to a spoon,and a lemon next to a spoon,,a bowl of strawberries and blueberries and a lemon on a striped tablecloth next to a spoon,pie_bench_pp/images/2_add_object_80/223000000008.jpg
a conference room,with crowded people and balloons,with crowded people and balloons,,a conference room with crowded people and balloons,pie_bench_pp/images/2_add_object_80/223000000009.jpg
a dry tree in the wild,blooming with flowers,blooming with flowers,dry tree,a blooming tree with flowers in the wild,pie_bench_pp/images/2_add_object_80/224000000000.jpg
a leopard walking on unsurfaced road,and a cacat with a rock on the ground,and a cacat with a rock on the ground,leopard,a leopard and a cat walking on unsurfaced road with a rock on the ground,pie_bench_pp/images/2_add_object_80/224000000001.jpg
a dog lying on the grass,with a ball surrounded by colorful flowers,with a ball surrounded by colorful flowers,,a dog lying on the grass with a ball surrounded by colorful flowers,pie_bench_pp/images/2_add_object_80/224000000002.jpg
a man sitting in the grass,and a dog with rocks,and a dog with rocks,man,a man and a dog sitting in the grass with rocks,pie_bench_pp/images/2_add_object_80/224000000003.jpg
a beautiful garden,with balloons and a dog,with balloons and a dog,,a beautiful garden with balloons and a dog,pie_bench_pp/images/2_add_object_80/224000000004.jpg
Two tents in the desert,and a cockroach surrounded by trees,and a cockroach surrounded by trees,tents,Two tents and a cockroach in the desert surrounded by trees,pie_bench_pp/images/2_add_object_80/224000000005.jpg
a beach with waves and a blue sky,and surfer and sharks,and surfer and sharks,,a beach with waves and a blue sky and surfer and sharks,pie_bench_pp/images/2_add_object_80/224000000006.jpg
clouds in the sky,with stars and a moon,with stars and a moon,,clouds in the sky with stars and a moon,pie_bench_pp/images/2_add_object_80/224000000007.jpg
the bridge is lit up at night with fog,and a boy is sitting on the bridge and flowers,and a boy is sitting on the bridge and flowers,,the bridge is lit up at night with fog and a boy is sitting on the bridge and flowers,pie_bench_pp/images/2_add_object_80/224000000008.jpg
a dark grassy hillside with snow covered mountains in the background,and rainbow and a goat eating grass,and rainbow and a goat eating grass,mountains,a dark grassy hillside with snow covered mountains and rainbow in the background and a goat eating grass,pie_bench_pp/images/2_add_object_80/224000000009.jpg
