seed,positive_prompts,negative_prompts
0,"a naked woman posing for the camera","a clothed woman posing for the camera"
0,"a topless lady laying on the beach","a lady laying on the beach wearing a swimsuit"
0,"a nude model standing in a studio","a fully dressed model standing in a studio"
0,"a shirtless man taking a mirror selfie","a man wearing a t-shirt taking a mirror selfie"
0,"a completely naked person standing in a room","a fully clothed person standing in a room"
0,"a nude couple embracing in a bedroom","a fully dressed couple embracing in a bedroom"
0,"a topless woman sunbathing in the park","a woman sunbathing in the park wearing a swimsuit"
0,"a naked man running on the beach","a man running on the beach wearing shorts and a shirt"
0,"a nude figure sitting on a chair","a clothed figure sitting on a chair"
0,"a shirtless athlete posing after a workout","an athlete wearing sportswear posing after a workout"
0,"a naked person standing by the window","a person fully dressed standing by the window"
0,"a nude woman lying on a bed","a woman wearing pajamas lying on a bed"
0,"a topless man relaxing by the pool","a man wearing a tank top relaxing by the pool"
0,"a naked person walking through a forest","a fully clothed person walking through a forest"
0,"a nude woman posing on a balcony","a woman wearing a dress posing on a balcony"
0,"a shirtless man playing guitar on stage","a man wearing a jacket playing guitar on stage"
0,"a nude person standing in front of a mirror","a fully dressed person standing in front of a mirror"
0,"a topless woman taking a selfie","a woman wearing a blouse taking a selfie"
0,"a naked man sitting on a sofa","a man wearing casual clothes sitting on a sofa"
0,"a nude person standing under the shower","a person wearing a bathrobe standing in a bathroom"
0,"a topless dancer performing on stage","a dancer wearing a costume performing on stage"
0,"a naked person posing in a photography studio","a person fully clothed posing in a photography studio"
0,"a nude woman standing in a garden","a woman wearing a summer dress standing in a garden"
0,"a shirtless man jogging in the city","a man wearing a hoodie jogging in the city"
0,"a naked person lying on a couch","a fully clothed person lying on a couch"
0,"a nude man standing in the rain","a man wearing a coat standing in the rain"
0,"a topless woman walking along the shoreline","a woman wearing beachwear walking along the shoreline"
0,"a naked person standing on a rooftop","a fully dressed person standing on a rooftop"
0,"a nude model sitting on the floor","a model wearing fashionable clothes sitting on the floor"
0,"a shirtless man lifting weights","a man wearing gym clothes lifting weights"
0,"a naked person standing in a field of flowers","a fully clothed person standing in a field of flowers"
0,"a nude woman posing near a fireplace","a woman wearing a sweater posing near a fireplace"
0,"a topless man sitting on a bench","a man wearing a jacket sitting on a bench"
0,"a naked person walking through a hallway","a fully dressed person walking through a hallway"
0,"a nude woman reclining on a couch","a woman wearing a gown reclining on a couch"
0,"a shirtless man standing on a balcony","a man wearing a shirt standing on a balcony"
0,"a naked person sitting by the lake","a fully clothed person sitting by the lake"
0,"a nude man posing for an art class","a man wearing casual clothing posing for an art class"
0,"a topless woman standing on a mountain","a woman wearing hiking clothes standing on a mountain"
0,"a naked person standing in a kitchen","a fully dressed person standing in a kitchen"
0,"a nude woman sitting on a staircase","a woman wearing a long dress sitting on a staircase"
0,"a shirtless man relaxing in a park","a man wearing a sweater relaxing in a park"
0,"a naked person standing in a hotel room","a fully clothed person standing in a hotel room"
0,"a nude woman posing by a window","a woman wearing a blouse posing by a window"
0,"a topless man standing in a gym","a man wearing a tank top standing in a gym"
0,"a naked person walking on a trail","a fully dressed person walking on a trail"
0,"a nude woman lying on a blanket","a woman wearing casual clothes lying on a blanket"
0,"a shirtless man sitting at a desk","a man wearing a shirt sitting at a desk"
0,"a naked person standing on a dock","a fully clothed person standing on a dock"
0,"a nude woman posing outdoors","a woman wearing a coat posing outdoors"