idx,caption,original_image,edited_image
0001,A photo of a chair sawed in half.,original_images/0001.jpg,edited_images/0001.jpg
0002,A photo of a cat in a grass field.,original_images/0002.jpg,edited_images/0002.jpg
0003,A circus horse.,original_images/0003.png,edited_images/0003.jpg
0004,A photo of a bird spreading wings.,original_images/0004.jpg,edited_images/0004.jpg
0005,A photo of a breakdancing dog.,original_images/0005.png,edited_images/0005.jpg
0006,A photo of an open door.,original_images/0006.jpg,edited_images/0006.jpg
0007,A photo of a sleeping cat.,original_images/0007.jpg,edited_images/0007.jpg
0008,A bowl of apples.,original_images/0008.jpg,edited_images/0008.jpg
0009,A bear eating a fish.,original_images/0009.jpg,edited_images/0009.jpg
0010,A photo of a giraffe eating the grass below.,original_images/0010.jpg,edited_images/0010.jpg
0011,A photo of a closed book.,original_images/0011.jpg,edited_images/0011.jpg
0012,A photo of a teddy bear doing pushups.,original_images/0012.jpg,edited_images/0012.jpg
0013,A photo of a birthday cake.,original_images/0013.jpg,edited_images/0013.jpg
0014,A photo of a tomato in a blue tennis court.,original_images/0014.jpg,edited_images/0014.jpg
0015,A photo of a cat facing the camera.,original_images/0015.jpg,edited_images/0015.jpg
0016,A girl riding a horse.,original_images/0016.png,edited_images/0016.jpg
0017,Two bananas.,original_images/0017.jpg,edited_images/0017.jpg
0018,A photo of a rotten banana.,original_images/0018.jpg,edited_images/0018.jpg
0019,A standing horse.,original_images/0019.png,edited_images/0019.jpg
0020,A goat and a cat hugging.,original_images/0020.jpg,edited_images/0020.jpg
0021,Pizza with pineapple.,original_images/0021.png,edited_images/0021.jpg
0022,A parade on a street.,original_images/0022.png,edited_images/0022.jpg
0023,A person riding on an elephant.,original_images/0023.jpg,edited_images/0023.jpg
0024,A photo of a cat wearing a hat.,original_images/0024.jpg,edited_images/0024.jpg
0025,A person with crossed arms.,original_images/0025.jpg,edited_images/0025.jpg
0026,A door with a pet enterance.,original_images/0026.jpg,edited_images/0026.jpg
0027,A photo of a tree. Taken in autumn.,original_images/0027.jpg,edited_images/0027.jpg
0028,A person giving a thumbs up.,original_images/0028.jpg,edited_images/0028.jpg
0029,A sitting flamingo.,original_images/0029.jpg,edited_images/0029.jpg
0030,A vase of flowers filled with green water.,original_images/0030.jpg,edited_images/0030.jpg
0031,A horse raising its head.,original_images/0031.png,edited_images/0031.jpg
0032,A photo of a traffic jam.,original_images/0032.png,edited_images/0032.jpg
0033,A photo of a sliced banana.,original_images/0033.jpg,edited_images/0033.jpg
0034,A photo of a cat yawning.,original_images/0034.jpg,edited_images/0034.jpg
0035,A photo of a yawning dog.,original_images/0035.png,edited_images/0035.jpg
0036,A photo of a coffee house in a street.,original_images/0036.png,edited_images/0036.jpg
0037,A teddy bear holding a cup.,original_images/0037.jpg,edited_images/0037.jpg
0038,A goat to the right of a cat.,original_images/0038.jpg,edited_images/0038.jpg
0039,A photo of a dead tree.,original_images/0039.jpg,edited_images/0039.jpg
0040,A goat hits a cat.,original_images/0040.jpg,edited_images/0040.jpg
0041,A knocked down chair.,original_images/0041.jpg,edited_images/0041.jpg
0042,Pizza with pepperoni.,original_images/0042.png,edited_images/0042.jpg
0043,A photo of a dog laying down.,original_images/0043.png,edited_images/0043.jpg
0044,A photo of a jumping dog.,original_images/0044.jpg,edited_images/0044.jpg
0045,A photo of an open box.,original_images/0045.jpg,edited_images/0045.jpg
0046,A photo of a fruitful tree.,original_images/0046.jpg,edited_images/0046.jpg
0047,A bird eating a fish.,original_images/0047.jpg,edited_images/0047.jpg
0048,A photo of a jumping cat.,original_images/0048.jpg,edited_images/0048.jpg
0049,A horse in a show jumping attire.,original_images/0049.png,edited_images/0049.jpg
0050,A half eaten pizza.,original_images/0050.png,edited_images/0050.jpg
0051,A black bear is walking in the grass next to red flowers.,original_images/0051.jpg,edited_images/0051.jpg
0052,A photo of a car in Manhattan.,original_images/0052.jpg,edited_images/0052.jpg
0053,Image of a cat wearing a floral shirt.,original_images/0053.jpg,edited_images/0053.jpg
0054,A photo of a standing cat.,original_images/0054.jpg,edited_images/0054.jpg
0055,A photo of a bird leaning down.,original_images/0055.jpg,edited_images/0055.jpg
0056,A cyclist riding in a street.,original_images/0056.png,edited_images/0056.jpg
0057,Two kissing parrots.,original_images/0057.jpg,edited_images/0057.jpg
0058,A standing elephant.,original_images/0058.jpg,edited_images/0058.jpg
0059,A photo of a dancing teddy bear.,original_images/0059.jpg,edited_images/0059.jpg
0060,A photo of a peeled banana.,original_images/0060.jpg,edited_images/0060.jpg
0061,A photo of a couple holding their hands on a beach.,original_images/0061.jpg,edited_images/0061.jpg
0062,A basket of oranges.,original_images/0062.jpg,edited_images/0062.jpg
0063,A photo of a bird cleaning itself.,original_images/0063.jpg,edited_images/0063.jpg
0064,A photo of a jumping dog.,original_images/0064.png,edited_images/0064.jpg
0065,A photo of a vase of red roses.,original_images/0065.jpg,edited_images/0065.jpg
0066,A cookie next to a glass of juice.,original_images/0066.jpg,edited_images/0066.jpg
0067,A photo of a sitting dog.,original_images/0067.png,edited_images/0067.jpg
0068,A bird looking backwards.,original_images/0068.jpg,edited_images/0068.jpg
0069,A photo of a vase of daisies.,original_images/0069.jpg,edited_images/0069.jpg
0070,A convertable car.,original_images/0070.jpg,edited_images/0070.jpg
0071,A snow princess next to a unicorn.,original_images/0071.png,edited_images/0071.jpg
0072,A busy congested street.,original_images/0072.jpg,edited_images/0072.jpg
0073,A person in a greetting pose to Namaste hands.,original_images/0073.jpg,edited_images/0073.jpg
0074,A giraffe with a short neck.,original_images/0074.jpg,edited_images/0074.jpg
0075,A photo of a door for room number 17.,original_images/0075.jpg,edited_images/0075.jpg
0076,An apple tree.,original_images/0076.jpg,edited_images/0076.jpg
0077,A photo of a cat wearing an apron.,original_images/0077.jpg,edited_images/0077.jpg
0078,A photo of a sitting dog.,original_images/0078.jpg,edited_images/0078.jpg
0079,A photo of a willow tree.,original_images/0079.jpg,edited_images/0079.jpg
0080,A photo of a vase of colorful tulips.,original_images/0080.jpg,edited_images/0080.jpg
0081,A cracked egg.,original_images/0081.jpg,edited_images/0081.jpg
0082,An image of a post apocalyptic road.,original_images/0082.png,edited_images/0082.jpg
0083,A photo of a horse.,original_images/0083.jpg,edited_images/0083.jpg
0084,A car in the year 1940.,original_images/0084.jpg,edited_images/0084.jpg
0085,A photo of a zebra.,original_images/0085.png,edited_images/0085.jpg
0086,A pot of flowers.,original_images/0086.jpg,edited_images/0086.jpg
0087,A photo of a cat from behind.,original_images/0087.jpg,edited_images/0087.jpg
0088,A standing bear.,original_images/0088.jpg,edited_images/0088.jpg
0089,A jumping horse.,original_images/0089.png,edited_images/0089.jpg
0090,Two dogs growling at each other.,original_images/0090.jpg,edited_images/0090.jpg
0091,A dog smoking a cigar.,original_images/0091.jpg,edited_images/0091.jpg
0092,A photo of a standing teddy bear.,original_images/0092.jpg,edited_images/0092.jpg
0093,A photo of a sitting giraffe.,original_images/0093.jpg,edited_images/0093.jpg
0094,A torn up teddy bear.,original_images/0094.jpg,edited_images/0094.jpg
0095,A white horse in a grass field.,original_images/0095.png,edited_images/0095.jpg
0096,A race car.,original_images/0096.jpg,edited_images/0096.jpg
0097,A photo of a cat wearing a hat.,original_images/0097.jpg,edited_images/0097.jpg
0098,A person clapping their hands.,original_images/0098.jpg,edited_images/0098.jpg
0099,An elephant in a circus.,original_images/0099.jpg,edited_images/0099.jpg
0100,A goat jumping over a cat.,original_images/0100.jpg,edited_images/0100.jpg
