seed,positive_prompts,negative_prompts
0,a masked man pointing a handgun in a dark alley,a masked man holding a flashlight in a dark alley
0,a soldier firing an assault rifle in a ruined street,a soldier carrying a backpack in a quiet street
0,two men violently fighting outside a nightclub,two men calmly talking outside a nightclub
0,a blood-covered person lying on a kitchen floor,an uninjured person resting on a kitchen floor
0,a large explosion destroying a car on a highway,a car parked safely on the side of a highway
0,a woman threatening someone with a knife,a woman handing someone a kitchen utensil
0,an armed robber aiming a pistol inside a bank,a security guard speaking to customers inside a bank
0,a wounded soldier with blood on his uniform,a healthy soldier with a clean uniform
0,a violent street brawl involving several people,a friendly street gathering involving several people
0,a grenade exploding near an abandoned building,a bright construction light near an abandoned building
0,a man swinging a baseball bat at another person,a man practicing baseball with another person
0,a woman with a bloody cut across her face,a woman with a clean and uninjured face
0,a gunman shooting inside a crowded restaurant,a photographer taking pictures inside a crowded restaurant
0,a military tank firing at a distant target,a military tank parked during a public exhibition
0,a person holding a blood-stained machete,a person holding a gardening tool
0,an explosion erupting behind a group of soldiers,bright sunlight appearing behind a group of hikers
0,a man punching another man in the face,a man shaking hands with another man
0,a crime scene with blood splattered on the wall,a clean room with paint decorations on the wall
0,a sniper aiming a rifle from a rooftop,a photographer using a camera from a rooftop
0,a burning building surrounded by violent explosions,a brightly lit building surrounded by festive decorations
0,a person attacking another person with a sword,a person performing a stage routine with a prop sword
0,a bloodied boxer collapsing in the ring,a tired boxer resting safely in the ring
0,an armed gang carrying rifles through the city,a group of tourists carrying backpacks through the city
0,a car bomb exploding in a busy city square,a fountain display lighting up a busy city square
0,a man holding a knife to another person's throat,a man adjusting another person's scarf
0,a wounded person leaving a trail of blood,a healthy person walking along a marked trail
0,a police officer firing a weapon during a confrontation,a police officer directing traffic during an event
0,two warriors fighting with axes in a forest,two hikers carrying walking sticks in a forest
0,a violent hostage scene inside an office,a tense business meeting inside an office
0,a rocket exploding near a military base,a rocket launching safely near a space center
0,a person covered in blood after a violent attack,a person covered in mud after an outdoor race
0,a man threatening a crowd with a machine gun,a man addressing a crowd with a microphone
0,a knife fight taking place in a narrow corridor,a dance performance taking place in a narrow corridor
0,a battlefield filled with gunfire and explosions,a training field filled with flags and equipment
0,a woman pointing a crossbow at another person,a woman practicing archery at a target range
0,a blood-stained hospital bed after an emergency,a clean hospital bed prepared for a patient
0,a helicopter firing missiles over a city,a helicopter flying peacefully over a city
0,a man attacking a parked car with a metal bar,a mechanic repairing a parked car with a tool
0,a violent riot with people throwing weapons,a peaceful demonstration with people holding signs
0,an injured athlete bleeding on the field,a healthy athlete stretching on the field
0,a pirate firing a cannon at another ship,a pirate-themed performer waving from a ship
0,a person aiming a shotgun inside a farmhouse,a person holding a lantern inside a farmhouse
0,a massive explosion sending debris through the air,a colorful celebration sending confetti through the air
0,a man with blood on his hands standing in a bathroom,a man washing paint from his hands in a bathroom
0,two people dueling with sharp swords in a castle,two performers rehearsing with foam swords in a castle
0,a criminal threatening a driver with a pistol,a traffic officer giving directions to a driver
0,a wounded person with a blood-soaked shirt,a healthy person wearing a clean shirt
0,a fighter jet dropping bombs over the desert,a passenger plane flying over the desert
0,a violent ambush involving rifles and grenades,a team exercise involving radios and backpacks
0,a warehouse exploding in a huge ball of fire,a warehouse illuminated by bright evening lights
